날짜,nino3.4 index,ONI index,nino3.4 수온 평균,nino3.4 수온 평균(3개월),nino3.4 수온 평년평균,nino3.4 수온 표준편차
﻿2025년 07월,-0.068856,,27.174763,,27.243618,0.677102
﻿2025년 06월,0.029656,-0.032759,27.694521,27.550537,27.664865,0.627709
﻿2025년 05월,-0.059078,-0.067622,27.78233,27.691547,27.841408,0.614643
﻿2025년 04월,-0.173445,-0.037461,27.597792,27.560186,27.771236,0.657626
﻿2025년 03월,0.120141,-0.138248,27.300436,27.068207,27.180296,0.817327
﻿2025년 02월,-0.36144,-0.333881,26.306391,26.447029,26.667831,1.007264
﻿2025년 01월,-0.760345,-0.598348,25.734262,25.981411,26.494608,1.164648
﻿2024년 12월,-0.67326,-0.532549,25.90358,26.076696,26.576839,1.219633
﻿2024년 11월,-0.164042,-0.377373,26.592249,26.299988,26.75629,1.177667
﻿2024년 10월,-0.294816,-0.254911,26.404133,26.461926,26.69895,1.01164
﻿2024년 09월,-0.305875,-0.223878,26.389393,26.519304,26.695267,0.834961
﻿2024년 08월,-0.070943,-0.065091,26.764385,26.859648,26.835327,0.818931
﻿2024년 07월,0.181545,0.106024,27.425163,27.353962,27.243618,0.677102
﻿2024년 06월,0.207471,0.220925,27.872335,27.804222,27.664865,0.627709
﻿2024년 05월,0.27376,0.432105,28.115168,28.191275,27.841408,0.614643
﻿2024년 04월,0.815084,0.778567,28.586321,28.376213,27.771236,0.657626
﻿2024년 03월,1.246858,1.207435,28.427153,28.413889,27.180296,0.817327
﻿2024년 02월,1.560362,1.531435,28.228193,28.312346,26.667831,1.007264
﻿2024년 01월,1.787085,1.788519,28.281693,28.368279,26.494608,1.164648
﻿2023년 12월,2.018108,1.903463,28.594948,28.512709,26.576839,1.219633
﻿2023년 11월,1.905195,1.840008,28.661486,28.517368,26.75629,1.177667
﻿2023년 10월,1.596722,1.693428,28.295671,28.410263,26.69895,1.01164
﻿2023년 09월,1.578367,1.503055,28.273634,28.246237,26.695267,0.834961
﻿2023년 08월,1.334077,1.339169,28.169405,28.263906,26.835327,0.818931
﻿2023년 07월,1.105064,1.123663,28.348682,28.371599,27.243618,0.677102
﻿2023년 06월,0.931848,0.839768,28.596712,28.423065,27.664865,0.627709
﻿2023년 05월,0.477698,0.534997,28.319105,28.294167,27.841408,0.614643
﻿2023년 04월,0.192268,0.217655,27.963505,27.815302,27.771236,0.657626
﻿2023년 03월,-0.017,-0.086983,27.163296,27.119471,27.180296,0.817327
﻿2023년 02월,-0.436216,-0.382985,26.231615,26.397926,26.667831,1.007264
﻿2023년 01월,-0.695737,-0.660465,25.79887,25.919294,26.494608,1.164648
﻿2022년 12월,-0.849441,-0.828729,25.727398,25.780518,26.576839,1.219633
﻿2022년 11월,-0.941008,-0.88014,25.815283,25.79722,26.75629,1.177667
﻿2022년 10월,-0.849972,-0.908448,25.848976,25.808388,26.69895,1.01164
﻿2022년 09월,-0.934364,-0.929867,25.760902,25.813314,26.695267,0.834961
﻿2022년 08월,-1.005265,-0.849377,25.830063,26.075361,26.835327,0.818931
﻿2022년 07월,-0.608502,-0.763389,26.635117,26.484547,27.243618,0.677102
﻿2022년 06월,-0.676401,-0.783569,26.988462,26.799728,27.664865,0.627709
﻿2022년 05월,-1.065803,-0.911549,26.775604,26.847622,27.841408,0.614643
﻿2022년 04월,-0.992442,-0.992235,26.778795,26.605412,27.771236,0.657626
﻿2022년 03월,-0.91846,-0.879209,26.261835,26.327246,27.180296,0.817327
﻿2022년 02월,-0.726725,-0.835178,25.941107,25.945732,26.667831,1.007264
﻿2022년 01월,-0.86035,-0.884168,25.634258,25.695593,26.494608,1.164648
﻿2021년 12월,-1.065429,-0.934068,25.511412,25.675179,26.576839,1.219633
﻿2021년 11월,-0.876425,-0.912733,25.879866,25.764627,26.75629,1.177667
﻿2021년 10월,-0.796346,-0.647614,25.902603,26.069221,26.69895,1.01164
﻿2021년 09월,-0.270069,-0.452468,26.425198,26.290714,26.695267,0.834961
﻿2021년 08월,-0.290989,-0.250441,26.544338,26.674295,26.835327,0.818931
﻿2021년 07월,-0.190266,-0.1686,27.053352,27.079336,27.243618,0.677102
﻿2021년 06월,-0.024545,-0.177667,27.64032,27.40563,27.664865,0.627709
﻿2021년 05월,-0.318188,-0.307687,27.523218,27.451483,27.841408,0.614643
﻿2021년 04월,-0.580328,-0.483743,27.190908,27.113903,27.771236,0.657626
﻿2021년 03월,-0.552714,-0.672912,26.627581,26.533543,27.180296,0.817327
﻿2021년 02월,-0.885694,-0.788321,25.782137,25.99259,26.667831,1.007264
﻿2021년 01월,-0.926556,-0.943364,25.568052,25.636396,26.494608,1.164648
﻿2020년 12월,-1.017841,-1.06793,25.558998,25.541315,26.576839,1.219633
﻿2020년 11월,-1.259393,-1.14715,25.496899,25.53021,26.75629,1.177667
﻿2020년 10월,-1.164216,-1.030081,25.534733,25.686754,26.69895,1.01164
﻿2020년 09월,-0.666635,-0.797757,26.028631,25.945423,26.695267,0.834961
﻿2020년 08월,-0.562421,-0.462416,26.272907,26.462322,26.835327,0.818931
﻿2020년 07월,-0.158191,-0.338824,27.085426,26.909113,27.243618,0.677102
﻿2020년 06월,-0.29586,-0.234541,27.369003,27.348757,27.664865,0.627709
﻿2020년 05월,-0.249572,-0.045158,27.591837,27.714012,27.841408,0.614643
﻿2020년 04월,0.409959,0.212876,28.181196,27.810522,27.771236,0.657626
﻿2020년 03월,0.478241,0.41186,27.658537,27.618315,27.180296,0.817327
﻿2020년 02월,0.34738,0.450258,27.015211,27.231169,26.667831,1.007264
﻿2020년 01월,0.525154,0.430998,27.019762,27.010757,26.494608,1.164648
﻿2019년 12월,0.42046,0.468848,26.997299,27.078094,26.576839,1.219633
﻿2019년 11월,0.460931,0.472389,27.217222,27.14975,26.75629,1.177667
﻿2019년 10월,0.535775,0.326179,27.234724,27.043015,26.69895,1.01164
﻿2019년 09월,-0.018168,0.222223,26.677099,26.965405,26.695267,0.834961
﻿2019년 08월,0.149063,0.18748,26.98439,27.112219,26.835327,0.818931
﻿2019년 07월,0.431545,0.3974,27.675163,27.645336,27.243618,0.677102
﻿2019년 06월,0.611594,0.601426,28.276459,28.184723,27.664865,0.627709
﻿2019년 05월,0.76114,0.702656,28.602549,28.461826,27.841408,0.614643
﻿2019년 04월,0.735234,0.833757,28.506472,28.431404,27.771236,0.657626
﻿2019년 03월,1.004898,0.819598,28.185192,28.026052,27.180296,0.817327
﻿2019년 02월,0.718661,0.802495,27.386492,27.583406,26.667831,1.007264
﻿2019년 01월,0.683926,0.773147,27.178534,27.352905,26.494608,1.164648
﻿2018년 12월,0.916853,0.827902,27.493692,27.437147,26.576839,1.219633
﻿2018년 11월,0.882927,0.896656,27.639217,27.574017,26.75629,1.177667
﻿2018년 10월,0.890189,0.703046,27.589138,27.419882,26.69895,1.01164
﻿2018년 09월,0.336022,0.504453,27.031288,27.247635,26.695267,0.834961
﻿2018년 08월,0.287149,0.284079,27.122477,27.208817,26.835327,0.818931
﻿2018년 07월,0.229067,0.227465,27.472687,27.475401,27.243618,0.677102
﻿2018년 06월,0.166177,0.091565,27.831041,27.674862,27.664865,0.627709
﻿2018년 05월,-0.12055,-0.162356,27.720858,27.596813,27.841408,0.614643
﻿2018년 04월,-0.532695,-0.475955,27.238543,27.121691,27.771236,0.657626
﻿2018년 03월,-0.77462,-0.670975,26.405674,26.535479,27.180296,0.817327
﻿2018년 02월,-0.705609,-0.736091,25.962221,26.044821,26.667831,1.007264
﻿2018년 01월,-0.728045,-0.801504,25.766563,25.778255,26.494608,1.164648
﻿2017년 12월,-0.970859,-0.885596,25.605982,25.72365,26.576839,1.219633
﻿2017년 11월,-0.957885,-0.774342,25.798407,25.903019,26.75629,1.177667
﻿2017년 10월,-0.394281,-0.562084,26.304668,26.154753,26.69895,1.01164
﻿2017년 09월,-0.334085,-0.269322,26.361181,26.47386,26.695267,0.834961
﻿2017년 08월,-0.0796,-0.046512,26.755728,26.878225,26.835327,0.818931
﻿2017년 07월,0.27415,0.193347,27.517769,27.441284,27.243618,0.677102
﻿2017년 06월,0.385491,0.357565,28.050356,27.940863,27.664865,0.627709
﻿2017년 05월,0.413055,0.380564,28.254463,28.139734,27.841408,0.614643
﻿2017년 04월,0.343145,0.313474,28.114382,27.911121,27.771236,0.657626
﻿2017년 03월,0.184222,0.2057,27.364517,27.412153,27.180296,0.817327
﻿2017년 02월,0.089732,-0.00596,26.757563,26.774952,26.667831,1.007264
﻿2017년 01월,-0.291835,-0.18875,26.202772,26.391008,26.494608,1.164648
﻿2016년 12월,-0.364147,-0.44402,26.212692,26.165226,26.576839,1.219633
﻿2016년 11월,-0.676077,-0.591515,26.080214,26.085846,26.75629,1.177667
﻿2016년 10월,-0.73432,-0.62486,25.964628,26.091976,26.69895,1.01164
﻿2016년 09월,-0.464183,-0.575906,26.231085,26.167276,26.695267,0.834961
﻿2016년 08월,-0.529215,-0.491844,26.306112,26.432894,26.835327,0.818931
﻿2016년 07월,-0.482135,-0.351475,26.761482,26.896461,27.243618,0.677102
﻿2016년 06월,-0.043076,-0.101889,27.621788,27.481407,27.664865,0.627709
﻿2016년 05월,0.219545,0.385963,28.060953,28.145132,27.841408,0.614643
﻿2016년 04월,0.98142,0.948795,28.752657,28.54644,27.771236,0.657626
﻿2016년 03월,1.645418,1.643649,28.825712,28.850103,27.180296,0.817327
﻿2016년 02월,2.304108,2.164762,28.971939,28.945673,26.667831,1.007264
﻿2016년 01월,2.544759,2.436752,29.039368,29.016512,26.494608,1.164648
﻿2015년 12월,2.461388,2.605539,29.038227,29.214785,26.576839,1.219633
﻿2015년 11월,2.810469,2.517682,29.566761,29.195042,26.75629,1.177667
﻿2015년 10월,2.281189,2.313398,28.980139,29.030233,26.69895,1.01164
﻿2015년 09월,1.848536,1.94713,28.543802,28.690311,26.695267,0.834961
﻿2015년 08월,1.711665,1.623209,28.546993,28.547947,26.835327,0.818931
﻿2015년 07월,1.309426,1.364143,28.553043,28.61208,27.243618,0.677102
﻿2015년 06월,1.071339,1.080535,28.736202,28.663832,27.664865,0.627709
﻿2015년 05월,0.860842,0.925034,28.70225,28.684204,27.841408,0.614643
﻿2015년 04월,0.842922,0.71512,28.614159,28.312767,27.771236,0.657626
﻿2015년 03월,0.441597,0.677825,27.621893,27.884279,27.180296,0.817327
﻿2015년 02월,0.748955,0.564183,27.416786,27.345095,26.667831,1.007264
﻿2015년 01월,0.501996,0.628156,26.996605,27.207916,26.494608,1.164648
﻿2014년 12월,0.633518,0.631756,27.210358,27.241001,26.576839,1.219633
﻿2014년 11월,0.759753,0.611214,27.516045,27.288574,26.75629,1.177667
﻿2014년 10월,0.44037,0.50747,27.139318,27.224306,26.69895,1.01164
﻿2014년 09월,0.322286,0.245499,27.017553,26.988682,26.695267,0.834961
﻿2014년 08월,-0.026159,0.080569,26.80917,27.005306,26.835327,0.818931
﻿2014년 07월,-0.054421,0.136677,27.189198,27.384615,27.243618,0.677102
﻿2014년 06월,0.490611,0.304183,28.155476,27.88748,27.664865,0.627709
﻿2014년 05월,0.47636,0.387193,28.317768,28.146362,27.841408,0.614643
﻿2014년 04월,0.194606,0.103611,27.965843,27.701258,27.771236,0.657626
﻿2014년 03월,-0.360134,-0.352734,26.820162,26.85372,27.180296,0.817327
﻿2014년 02월,-0.892674,-0.591593,25.775158,26.189318,26.667831,1.007264
﻿2014년 01월,-0.521972,-0.534979,25.972635,26.044781,26.494608,1.164648
﻿2013년 12월,-0.19029,-0.26695,26.386549,26.342297,26.576839,1.219633
﻿2013년 11월,-0.088589,-0.147535,26.667702,26.529825,26.75629,1.177667
﻿2013년 10월,-0.163725,-0.066219,26.535225,26.650618,26.69895,1.01164
﻿2013년 09월,0.053658,-0.201563,26.748926,26.541618,26.695267,0.834961
﻿2013년 08월,-0.494624,-0.233668,26.340704,26.691071,26.835327,0.818931
﻿2013년 07월,-0.260039,-0.365643,26.98358,26.882294,27.243618,0.677102
﻿2013년 06월,-0.342266,-0.308767,27.322598,27.27453,27.664865,0.627709
﻿2013년 05월,-0.323995,-0.181211,27.517412,27.577959,27.841408,0.614643
﻿2013년 04월,0.122627,-0.13611,27.893864,27.461536,27.771236,0.657626
﻿2013년 03월,-0.206962,-0.198955,26.973333,27.0075,27.180296,0.817327
﻿2013년 02월,-0.512531,-0.409859,26.155298,26.371052,26.667831,1.007264
﻿2013년 01월,-0.510085,-0.506613,25.984524,26.073147,26.494608,1.164648
﻿2012년 12월,-0.497224,-0.167164,26.079617,26.442081,26.576839,1.219633
﻿2012년 11월,0.505816,0.124375,27.262108,26.801735,26.75629,1.177667
﻿2012년 10월,0.364532,0.439605,27.06348,27.156441,26.69895,1.01164
﻿2012년 09월,0.448468,0.510377,27.143736,27.253559,26.695267,0.834961
﻿2012년 08월,0.718131,0.486548,27.553459,27.411285,26.835327,0.818931
﻿2012년 07월,0.293045,0.428276,27.536663,27.676212,27.243618,0.677102
﻿2012년 06월,0.273652,0.126547,27.938517,27.709845,27.664865,0.627709
﻿2012년 05월,-0.187057,-0.147401,27.65435,27.611769,27.841408,0.614643
﻿2012년 04월,-0.528799,-0.386926,27.242437,27.21072,27.771236,0.657626
﻿2012년 03월,-0.444922,-0.508841,26.735373,26.697615,27.180296,0.817327
﻿2012년 02월,-0.552801,-0.548513,26.115028,26.232397,26.667831,1.007264
﻿2012년 01월,-0.647816,-0.730213,25.846792,25.849546,26.494608,1.164648
﻿2011년 12월,-0.990021,-0.87669,25.586819,25.732555,26.576839,1.219633
﻿2011년 11월,-0.992233,-0.899857,25.764057,25.777502,26.75629,1.177667
﻿2011년 10월,-0.717316,-0.794262,25.981632,25.922573,26.69895,1.01164
﻿2011년 09월,-0.673238,-0.600911,26.02203,26.142271,26.695267,0.834961
﻿2011년 08월,-0.412179,-0.419353,26.423149,26.505384,26.835327,0.818931
﻿2011년 07월,-0.172644,-0.291691,27.070974,26.956245,27.243618,0.677102
﻿2011년 06월,-0.29025,-0.279868,27.374615,27.303429,27.664865,0.627709
﻿2011년 05월,-0.376711,-0.47475,27.464697,27.284418,27.841408,0.614643
﻿2011년 04월,-0.75729,-0.655189,27.013947,26.942457,27.771236,0.657626
﻿2011년 03월,-0.831565,-0.928426,26.348728,26.278028,27.180296,0.817327
﻿2011년 02월,-1.196424,-1.174298,25.471407,25.606613,26.667831,1.007264
﻿2011년 01월,-1.494903,-1.301472,24.999704,25.278288,26.494608,1.164648
﻿2010년 12월,-1.213089,-1.38729,25.36375,25.221956,26.576839,1.219633
﻿2010년 11월,-1.453877,-1.364754,25.302414,25.312607,26.75629,1.177667
﻿2010년 10월,-1.427297,-1.409012,25.271652,25.307823,26.69895,1.01164
﻿2010년 09월,-1.345863,-1.34016,25.349403,25.403021,26.695267,0.834961
﻿2010년 08월,-1.247321,-1.183545,25.588007,25.741194,26.835327,0.818931
﻿2010년 07월,-0.95745,-0.92876,26.286167,26.319178,27.243618,0.677102
﻿2010년 06월,-0.581509,-0.556462,27.083357,27.026834,27.664865,0.627709
﻿2010년 05월,-0.130427,-0.033788,27.710981,27.725382,27.841408,0.614643
﻿2010년 04월,0.610571,0.546876,28.381807,28.144524,27.771236,0.657626
﻿2010년 03월,1.160485,0.998144,28.340778,28.204599,27.180296,0.817327
﻿2010년 02월,1.223377,1.319273,27.891209,28.100183,26.667831,1.007264
﻿2010년 01월,1.573956,1.507226,28.068563,28.086985,26.494608,1.164648
﻿2009년 12월,1.724344,1.590528,28.301184,28.199774,26.576839,1.219633
﻿2009년 11월,1.473284,1.374735,28.229576,28.052094,26.75629,1.177667
﻿2009년 10월,0.926575,1.045629,27.625525,27.762465,26.69895,1.01164
﻿2009년 09월,0.737027,0.7901,27.432295,27.533281,26.695267,0.834961
﻿2009년 08월,0.706698,0.665067,27.542027,27.589804,26.835327,0.818931
﻿2009년 07월,0.551475,0.565287,27.795094,27.813225,27.243618,0.677102
﻿2009년 06월,0.437687,0.394053,28.102552,27.977348,27.664865,0.627709
﻿2009년 05월,0.192995,0.153336,28.034403,27.912506,27.841408,0.614643
﻿2009년 04월,-0.170674,-0.205305,27.600563,27.392342,27.771236,0.657626
﻿2009년 03월,-0.638235,-0.468732,26.542059,26.737722,27.180296,0.817327
﻿2009년 02월,-0.597286,-0.684298,26.070543,26.096613,26.667831,1.007264
﻿2009년 01월,-0.817373,-0.751936,25.677235,25.827824,26.494608,1.164648
﻿2008년 12월,-0.841149,-0.669305,25.735691,25.939941,26.576839,1.219633
﻿2008년 11월,-0.349392,-0.46436,26.406898,26.212999,26.75629,1.177667
﻿2008년 10월,-0.202541,-0.266324,26.496408,26.450512,26.69895,1.01164
﻿2008년 09월,-0.247038,-0.171159,26.448229,26.572021,26.695267,0.834961
﻿2008년 08월,-0.063899,-0.189661,26.771429,26.735077,26.835327,0.818931
﻿2008년 07월,-0.258046,-0.321443,26.985573,26.926495,27.243618,0.677102
﻿2008년 06월,-0.642385,-0.530888,27.022478,27.052408,27.664865,0.627709
﻿2008년 05월,-0.692233,-0.730625,27.149174,27.028545,27.841408,0.614643
﻿2008년 04월,-0.857256,-0.830876,26.91398,26.766771,27.771236,0.657626
﻿2008년 03월,-0.943138,-1.11054,26.237158,26.095915,27.180296,0.817327
﻿2008년 02월,-1.531225,-1.365555,25.136606,25.415356,26.667831,1.007264
﻿2008년 01월,-1.622302,-1.455025,24.872307,25.124735,26.494608,1.164648
﻿2007년 12월,-1.211546,-1.430654,25.365294,25.178593,26.576839,1.219633
﻿2007년 11월,-1.458114,-1.298769,25.298178,25.378592,26.75629,1.177667
﻿2007년 10월,-1.226646,-1.192442,25.472303,25.524393,26.69895,1.01164
﻿2007년 09월,-0.892565,-0.90678,25.802702,25.836401,26.695267,0.834961
﻿2007년 08월,-0.60113,-0.642591,26.234198,26.282146,26.835327,0.818931
﻿2007년 07월,-0.434076,-0.391566,26.809542,26.856371,27.243618,0.677102
﻿2007년 06월,-0.139493,-0.339156,27.525372,27.244141,27.664865,0.627709
﻿2007년 05월,-0.443898,-0.232185,27.397509,27.526983,27.841408,0.614643
﻿2007년 04월,-0.113165,-0.215293,27.658072,27.382355,27.771236,0.657626
﻿2007년 03월,-0.088814,-0.038709,27.09148,27.167746,27.180296,0.817327
﻿2007년 02월,0.085854,0.253589,26.753683,27.0345,26.667831,1.007264
﻿2007년 01월,0.763726,0.66015,27.258333,27.239908,26.494608,1.164648
﻿2006년 12월,1.13087,0.919574,27.707708,27.52882,26.576839,1.219633
﻿2006년 11월,0.864124,0.885403,27.620417,27.562763,26.75629,1.177667
﻿2006년 10월,0.661214,0.692858,27.360163,27.409695,26.69895,1.01164
﻿2006년 09월,0.553236,0.525011,27.248503,27.268192,26.695267,0.834961
﻿2006년 08월,0.360584,0.302723,27.195911,27.227461,26.835327,0.818931
﻿2006년 07월,-0.005651,0.151074,27.237967,27.399012,27.243618,0.677102
﻿2006년 06월,0.098289,0.010909,27.763153,27.594206,27.664865,0.627709
﻿2006년 05월,-0.059911,-0.081765,27.781496,27.677404,27.841408,0.614643
﻿2006년 04월,-0.283671,-0.346628,27.487566,27.251019,27.771236,0.657626
﻿2006년 03월,-0.696302,-0.555658,26.483994,26.650797,27.180296,0.817327
﻿2006년 02월,-0.687,-0.778333,25.980831,26.002579,26.667831,1.007264
﻿2006년 01월,-0.951698,-0.821015,25.54291,25.758743,26.494608,1.164648
﻿2005년 12월,-0.824346,-0.776398,25.752493,25.83285,26.576839,1.219633
﻿2005년 11월,-0.553148,-0.483417,26.203142,26.193943,26.75629,1.177667
﻿2005년 10월,-0.072757,-0.249014,26.626192,26.467821,26.69895,1.01164
﻿2005년 09월,-0.121137,-0.047874,26.574131,26.695307,26.695267,0.834961
﻿2005년 08월,0.050271,0.001306,26.885599,26.926044,26.835327,0.818931
﻿2005년 07월,0.074784,0.111251,27.318401,27.359188,27.243618,0.677102
﻿2005년 06월,0.208697,0.170023,27.873562,27.753321,27.664865,0.627709
﻿2005년 05월,0.226589,0.189808,28.067997,27.948977,27.841408,0.614643
﻿2005년 04월,0.134136,0.208164,27.905373,27.805811,27.771236,0.657626
﻿2005년 03월,0.263766,0.20754,27.444061,27.413994,27.180296,0.817327
﻿2005년 02월,0.224717,0.3661,26.892548,27.147011,26.667831,1.007264
﻿2005년 01월,0.609818,0.488711,27.104425,27.068472,26.494608,1.164648
﻿2004년 12월,0.631599,0.608435,27.208439,27.217682,26.576839,1.219633
﻿2004년 11월,0.583887,0.620065,27.340178,27.297424,26.75629,1.177667
﻿2004년 10월,0.644709,0.637676,27.343658,27.354511,26.69895,1.01164
﻿2004년 09월,0.684433,0.659238,27.379702,27.402418,26.695267,0.834961
﻿2004년 08월,0.648571,0.609142,27.483898,27.533878,26.835327,0.818931
﻿2004년 07월,0.49442,0.378451,27.738037,27.626389,27.243618,0.677102
﻿2004년 06월,-0.007639,0.187941,27.657227,27.771238,27.664865,0.627709
﻿2004년 05월,0.077043,0.006999,27.918451,27.766169,27.841408,0.614643
﻿2004년 04월,-0.048406,-0.05473,27.722832,27.542915,27.771236,0.657626
﻿2004년 03월,-0.192827,-0.023928,26.987469,27.182526,27.180296,0.817327
﻿2004년 02월,0.169449,0.063312,26.837278,26.844223,26.667831,1.007264
﻿2004년 01월,0.213313,0.243883,26.70792,26.823643,26.494608,1.164648
﻿2003년 12월,0.348886,0.25889,26.925726,26.868135,26.576839,1.219633
﻿2003년 11월,0.214471,0.332606,26.970762,27.009966,26.75629,1.177667
﻿2003년 10월,0.434462,0.284187,27.133411,27.001022,26.69895,1.01164
﻿2003년 09월,0.203629,0.223514,26.898897,26.966696,26.695267,0.834961
﻿2003년 08월,0.032451,0.094387,26.867779,27.019125,26.835327,0.818931
﻿2003년 07월,0.04708,-0.091166,27.290697,27.156771,27.243618,0.677102
﻿2003년 06월,-0.35303,-0.310078,27.311834,27.273218,27.664865,0.627709
﻿2003년 05월,-0.624283,-0.375199,27.217125,27.38397,27.841408,0.614643
﻿2003년 04월,-0.148284,-0.08571,27.622953,27.511936,27.771236,0.657626
﻿2003년 03월,0.515437,0.343704,27.695732,27.550158,27.180296,0.817327
﻿2003년 02월,0.663959,0.694301,27.331789,27.475212,26.667831,1.007264
﻿2003년 01월,0.903506,0.969335,27.398113,27.549095,26.494608,1.164648
﻿2002년 12월,1.340541,1.169106,27.917381,27.778353,26.576839,1.219633
﻿2002년 11월,1.263269,1.224205,28.019562,27.901566,26.75629,1.177667
﻿2002년 10월,1.068805,1.07366,27.767754,27.790497,26.69895,1.01164
﻿2002년 09월,0.888906,0.887277,27.584173,27.630459,26.695267,0.834961
﻿2002년 08월,0.70412,0.734433,27.539448,27.65917,26.835327,0.818931
﻿2002년 07월,0.610272,0.650006,27.853891,27.897943,27.243618,0.677102
﻿2002년 06월,0.635625,0.486489,28.300489,28.069786,27.664865,0.627709
﻿2002년 05월,0.21357,0.296268,28.054977,28.055437,27.841408,0.614643
﻿2002년 04월,0.039607,0.066501,27.810844,27.664146,27.771236,0.657626
﻿2002년 03월,-0.053675,0.01459,27.126619,27.221045,27.180296,0.817327
﻿2002년 02월,0.057839,-0.059227,26.72567,26.721684,26.667831,1.007264
﻿2002년 01월,-0.181843,-0.219785,26.312763,26.359976,26.494608,1.164648
﻿2001년 12월,-0.535349,-0.401973,26.041491,26.207273,26.576839,1.219633
﻿2001년 11월,-0.488725,-0.426114,26.267567,26.251245,26.75629,1.177667
﻿2001년 10월,-0.254267,-0.310966,26.444681,26.405869,26.69895,1.01164
﻿2001년 09월,-0.189907,-0.17516,26.505362,26.568022,26.695267,0.834961
﻿2001년 08월,-0.081306,-0.120291,26.754023,26.804447,26.835327,0.818931
﻿2001년 07월,-0.089659,-0.106609,27.153959,27.141329,27.243618,0.677102
﻿2001년 06월,-0.148863,-0.234055,27.516003,27.349241,27.664865,0.627709
﻿2001년 05월,-0.463642,-0.395554,27.377766,27.363617,27.841408,0.614643
﻿2001년 04월,-0.574156,-0.472834,27.197081,27.124811,27.771236,0.657626
﻿2001년 03월,-0.380704,-0.508387,26.799591,26.698067,27.180296,0.817327
﻿2001년 02월,-0.570301,-0.576622,26.097528,26.204288,26.667831,1.007264
﻿2001년 01월,-0.77886,-0.809373,25.715748,25.770386,26.494608,1.164648
﻿2000년 12월,-1.078959,-0.92759,25.497881,25.681656,26.576839,1.219633
﻿2000년 11월,-0.924953,-0.905637,25.831339,25.771723,26.75629,1.177667
﻿2000년 10월,-0.712998,-0.719165,25.98595,25.997671,26.69895,1.01164
﻿2000년 09월,-0.519544,-0.571991,26.175722,26.17119,26.695267,0.834961
﻿2000년 08월,-0.48343,-0.576532,26.351898,26.348206,26.835327,0.818931
﻿2000년 07월,-0.726621,-0.636045,26.516996,26.611893,27.243618,0.677102
﻿2000년 06월,-0.698084,-0.80144,26.966782,26.781857,27.664865,0.627709
﻿2000년 05월,-0.979613,-0.861018,26.861794,26.898151,27.841408,0.614643
﻿2000년 04월,-0.905356,-1.011747,26.865881,26.585899,27.771236,0.657626
﻿2000년 03월,-1.150272,-1.203576,26.030024,26.002878,27.180296,0.817327
﻿2000년 02월,-1.5551,-1.503592,25.112732,25.277319,26.667831,1.007264
﻿2000년 01월,-1.805405,-1.680582,24.689203,24.899178,26.494608,1.164648
﻿1999년 12월,-1.681242,-1.719385,24.895597,24.88986,26.576839,1.219633
﻿1999년 11월,-1.671508,-1.518124,25.084784,25.159237,26.75629,1.177667
﻿1999년 10월,-1.201621,-1.301287,25.497328,25.415548,26.69895,1.01164
﻿1999년 09월,-1.030733,-1.159217,25.664534,25.583963,26.695267,0.834961
﻿1999년 08월,-1.245299,-1.102903,25.590029,25.821835,26.835327,0.818931
﻿1999년 07월,-1.032676,-1.126384,26.210941,26.121553,27.243618,0.677102
﻿1999년 06월,-1.101178,-1.02466,26.563686,26.558636,27.664865,0.627709
﻿1999년 05월,-0.940127,-1.020736,26.901281,26.738434,27.841408,0.614643
﻿1999년 04월,-1.020903,-0.961478,26.750334,26.636168,27.771236,0.657626
﻿1999년 03월,-0.923405,-1.026082,26.256889,26.180372,27.180296,0.817327
﻿1999년 02월,-1.133939,-1.233817,25.533892,25.547094,26.667831,1.007264
﻿1999년 01월,-1.644106,-1.528713,24.850502,25.051046,26.494608,1.164648
﻿1998년 12월,-1.808095,-1.614124,24.768744,24.995123,26.576839,1.219633
﻿1998년 11월,-1.390172,-1.534419,25.366119,25.142941,26.75629,1.177667
﻿1998년 10월,-1.40499,-1.295993,25.293959,25.420843,26.69895,1.01164
﻿1998년 09월,-1.092817,-1.26724,25.602451,25.475943,26.695267,0.834961
﻿1998년 08월,-1.303912,-1.220088,25.531416,25.704651,26.835327,0.818931
﻿1998년 07월,-1.263535,-1.140085,25.980083,26.107853,27.243618,0.677102
﻿1998년 06월,-0.852806,-0.55095,26.812057,27.032347,27.664865,0.627709
﻿1998년 05월,0.463492,0.040589,28.304899,27.799759,27.841408,0.614643
﻿1998년 04월,0.511082,0.731326,28.282318,28.328974,27.771236,0.657626
﻿1998년 03월,1.219405,1.175263,28.399698,28.381718,27.180296,0.817327
﻿1998년 02월,1.795302,1.707387,28.463133,28.488298,26.667831,1.007264
﻿1998년 01월,2.107455,2.027991,28.602062,28.60775,26.494608,1.164648
﻿1997년 12월,2.181215,2.160834,28.758055,28.770081,26.576839,1.219633
﻿1997년 11월,2.193833,2.137552,28.950125,28.814911,26.75629,1.177667
﻿1997년 10월,2.037607,2.047,28.736555,28.763836,26.69895,1.01164
﻿1997년 09월,1.909559,1.901328,28.604828,28.644508,26.695267,0.834961
﻿1997년 08월,1.756818,1.668813,28.592146,28.593552,26.835327,0.818931
﻿1997년 07월,1.340062,1.321374,28.583681,28.569311,27.243618,0.677102
﻿1997년 06월,0.867242,0.879027,28.532106,28.462324,27.664865,0.627709
﻿1997년 05월,0.429777,0.395911,28.271185,28.155081,27.841408,0.614643
﻿1997년 04월,-0.109285,-0.01188,27.661951,27.585766,27.771236,0.657626
﻿1997년 03월,-0.356133,-0.281311,26.824162,26.925144,27.180296,0.817327
﻿1997년 02월,-0.378514,-0.453529,26.289316,26.327381,26.667831,1.007264
﻿1997년 01월,-0.62594,-0.540357,25.868668,26.039404,26.494608,1.164648
﻿1996년 12월,-0.616616,-0.561207,25.960222,26.048038,26.576839,1.219633
﻿1996년 11월,-0.441064,-0.543836,26.315228,26.133524,26.75629,1.177667
﻿1996년 10월,-0.573828,-0.455537,26.12512,26.261299,26.69895,1.01164
﻿1996년 09월,-0.351718,-0.410673,26.34355,26.332508,26.695267,0.834961
﻿1996년 08월,-0.306472,-0.338581,26.528856,26.586157,26.835327,0.818931
﻿1996년 07월,-0.357551,-0.380698,26.886066,26.867239,27.243618,0.677102
﻿1996년 06월,-0.478071,-0.447152,27.186792,27.136145,27.664865,0.627709
﻿1996년 05월,-0.505833,-0.492435,27.335573,27.266735,27.841408,0.614643
﻿1996년 04월,-0.493399,-0.556657,27.277838,27.040989,27.771236,0.657626
﻿1996년 03월,-0.670739,-0.650845,26.509556,26.555609,27.180296,0.817327
﻿1996년 02월,-0.788396,-0.764535,25.879435,26.016376,26.667831,1.007264
﻿1996년 01월,-0.83447,-0.851715,25.660137,25.728045,26.494608,1.164648
﻿1995년 12월,-0.93228,-0.932687,25.64456,25.676559,26.576839,1.219633
﻿1995년 11월,-1.031312,-0.977373,25.724979,25.699987,26.75629,1.177667
﻿1995년 10월,-0.968527,-0.890228,25.730421,25.826609,26.69895,1.01164
﻿1995년 09월,-0.670845,-0.744762,26.024422,25.998419,26.695267,0.834961
﻿1995년 08월,-0.594915,-0.497714,26.240414,26.427025,26.835327,0.818931
﻿1995년 07월,-0.227383,-0.400438,27.016235,26.8475,27.243618,0.677102
﻿1995년 06월,-0.379018,-0.27948,27.285847,27.303816,27.664865,0.627709
﻿1995년 05월,-0.232041,-0.177703,27.609367,27.581467,27.841408,0.614643
﻿1995년 04월,0.07795,0.047495,27.849188,27.645142,27.771236,0.657626
﻿1995년 03월,0.296577,0.343189,27.476871,27.549643,27.180296,0.817327
﻿1995년 02월,0.655039,0.574902,27.322868,27.355812,26.667831,1.007264
﻿1995년 01월,0.77309,0.87563,27.267698,27.455391,26.494608,1.164648
﻿1994년 12월,1.198763,0.970232,27.775602,27.579479,26.576839,1.219633
﻿1994년 11월,0.938844,0.920423,27.695135,27.597782,26.75629,1.177667
﻿1994년 10월,0.623662,0.612349,27.322611,27.329184,26.69895,1.01164
﻿1994년 09월,0.274539,0.44375,26.969807,27.186932,26.695267,0.834961
﻿1994년 08월,0.433048,0.23006,27.268375,27.154799,26.835327,0.818931
﻿1994년 07월,-0.017406,0.185148,27.226212,27.433084,27.243618,0.677102
﻿1994년 06월,0.139802,0.08139,27.804667,27.664686,27.664865,0.627709
﻿1994년 05월,0.121775,0.112295,27.963182,27.871466,27.841408,0.614643
﻿1994년 04월,0.075309,0.112336,27.846546,27.709982,27.771236,0.657626
﻿1994년 03월,0.139923,0.042979,27.320217,27.249434,27.180296,0.817327
﻿1994년 02월,-0.086296,0.021488,26.581533,26.802399,26.667831,1.007264
﻿1994년 01월,0.010838,0.002045,26.505445,26.581804,26.494608,1.164648
﻿1993년 12월,0.081594,0.051799,26.658434,26.661045,26.576839,1.219633
﻿1993년 11월,0.062964,0.109528,26.819256,26.786888,26.75629,1.177667
﻿1993년 10월,0.184027,0.157775,26.882977,26.874611,26.69895,1.01164
﻿1993년 09월,0.226334,0.11736,26.921602,26.86054,26.695267,0.834961
﻿1993년 08월,-0.058282,0.127244,26.777046,27.051983,26.835327,0.818931
﻿1993년 07월,0.21368,0.104191,27.457298,27.352127,27.243618,0.677102
﻿1993년 06월,0.157176,0.348326,27.822041,27.931623,27.664865,0.627709
﻿1993년 05월,0.674122,0.389609,28.51553,28.148779,27.841408,0.614643
﻿1993년 04월,0.337529,0.413346,28.108767,28.010992,27.771236,0.657626
﻿1993년 03월,0.228387,0.298756,27.408682,27.505211,27.180296,0.817327
﻿1993년 02월,0.330351,0.237129,26.998182,27.018042,26.667831,1.007264
﻿1993년 01월,0.15265,0.2103,26.647259,26.790058,26.494608,1.164648
﻿1992년 12월,0.147898,0.03693,26.724737,26.646175,26.576839,1.219633
﻿1992년 11월,-0.189757,-0.18991,26.566534,26.48745,26.75629,1.177667
﻿1992년 10월,-0.52787,-0.296394,26.17108,26.420443,26.69895,1.01164
﻿1992년 09월,-0.171554,-0.264197,26.523712,26.478985,26.695267,0.834961
﻿1992년 08월,-0.093166,-0.040683,26.742163,26.884054,26.835327,0.818931
﻿1992년 07월,0.142671,0.150998,27.38629,27.398935,27.243618,0.677102
﻿1992년 06월,0.40349,0.494164,28.068354,28.077461,27.664865,0.627709
﻿1992년 05월,0.93633,0.793519,28.777739,28.552689,27.841408,0.614643
﻿1992년 04월,1.040736,1.063811,28.811974,28.661457,27.771236,0.657626
﻿1992년 03월,1.214367,1.292591,28.394663,28.499044,27.180296,0.817327
﻿1992년 02월,1.62267,1.527103,28.290501,28.308014,26.667831,1.007264
﻿1992년 01월,1.744271,1.640689,28.238878,28.220448,26.494608,1.164648
﻿1991년 12월,1.555125,1.403674,28.131964,28.01292,26.576839,1.219633
﻿1991년 11월,0.911624,1.040278,27.667915,27.717638,26.75629,1.177667
﻿1991년 10월,0.654084,0.623035,27.353033,27.33987,26.69895,1.01164
﻿1991년 09월,0.303397,0.527413,26.998665,27.270594,26.695267,0.834961
﻿1991년 08월,0.624758,0.471322,27.460087,27.396059,26.835327,0.818931
﻿1991년 07월,0.48581,0.505741,27.729427,27.753677,27.243618,0.677102
﻿1991년 06월,0.406655,0.385241,28.07152,27.968538,27.664865,0.627709
﻿1991년 05월,0.263259,0.25214,28.104668,28.011309,27.841408,0.614643
﻿1991년 04월,0.086505,0.089829,27.857742,27.687475,27.771236,0.657626
﻿1991년 03월,-0.080278,0.052311,27.100018,27.258766,27.180296,0.817327
﻿1991년 02월,0.150707,0.139541,26.818539,26.920452,26.667831,1.007264
﻿1991년 01월,0.348193,0.240904,26.8428,26.820663,26.494608,1.164648
﻿1990년 12월,0.223811,0.156152,26.800652,26.765398,26.576839,1.219633
﻿1990년 11월,-0.103549,0.10312,26.652742,26.780479,26.75629,1.177667
﻿1990년 10월,0.189098,0.016714,26.888046,26.733549,26.69895,1.01164
﻿1990년 09월,-0.035407,0.087229,26.659861,26.83041,26.695267,0.834961
﻿1990년 08월,0.107995,0.022338,26.943323,26.947077,26.835327,0.818931
﻿1990년 07월,-0.005574,-0.056243,27.238045,27.191694,27.243618,0.677102
﻿1990년 06월,-0.271149,-0.074827,27.393717,27.508471,27.664865,0.627709
﻿1990년 05월,0.052243,-0.093649,27.89365,27.665522,27.841408,0.614643
﻿1990년 04월,-0.062041,-0.062246,27.709196,27.5354,27.771236,0.657626
﻿1990년 03월,-0.176939,-0.073319,27.003357,27.133135,27.180296,0.817327
﻿1990년 02월,0.019022,-0.085469,26.686853,26.695442,26.667831,1.007264
﻿1990년 01월,-0.09849,-0.088772,26.396118,26.490988,26.494608,1.164648
﻿1989년 12월,-0.18685,-0.304237,26.38999,26.30501,26.576839,1.219633
﻿1989년 11월,-0.62737,-0.456851,26.128922,26.220509,26.75629,1.177667
﻿1989년 10월,-0.556332,-0.561165,26.142616,26.15567,26.69895,1.01164
﻿1989년 09월,-0.499792,-0.587813,26.195477,26.155369,26.695267,0.834961
﻿1989년 08월,-0.707315,-0.589829,26.128014,26.334909,26.835327,0.818931
﻿1989년 07월,-0.56238,-0.647845,26.681238,26.600092,27.243618,0.677102
﻿1989년 06월,-0.673839,-0.717526,26.991026,26.86577,27.664865,0.627709
﻿1989년 05월,-0.916358,-0.983333,26.925049,26.775837,27.841408,0.614643
﻿1989년 04월,-1.359801,-1.2532,26.411436,26.344446,27.771236,0.657626
﻿1989년 03월,-1.483442,-1.448993,25.696854,25.757462,27.180296,0.817327
﻿1989년 02월,-1.503736,-1.677795,25.164095,25.103117,26.667831,1.007264
﻿1989년 01월,-2.046206,-1.871339,24.448402,24.708422,26.494608,1.164648
﻿1988년 12월,-2.064074,-2.132596,24.512766,24.47665,26.576839,1.219633
﻿1988년 11월,-2.287509,-2.143547,24.468782,24.533813,26.75629,1.177667
﻿1988년 10월,-2.079057,-1.769194,24.619892,24.947641,26.69895,1.01164
﻿1988년 09월,-0.941017,-1.495719,25.754251,25.247461,26.695267,0.834961
﻿1988년 08월,-1.467084,-1.399843,25.368244,25.524895,26.835327,0.818931
﻿1988년 07월,-1.79143,-1.681087,25.452188,25.566849,27.243618,0.677102
﻿1988년 06월,-1.784749,-1.669386,25.880116,25.913912,27.664865,0.627709
﻿1988년 05월,-1.431978,-1.27105,26.40943,26.488119,27.841408,0.614643
﻿1988년 04월,-0.596424,-0.662022,27.174812,26.935623,27.771236,0.657626
﻿1988년 03월,0.042336,-0.112943,27.222631,27.093512,27.180296,0.817327
﻿1988년 02월,0.21526,0.311417,26.883091,27.092327,26.667831,1.007264
﻿1988년 01월,0.676654,0.552569,27.171263,27.132328,26.494608,1.164648
﻿1987년 12월,0.765793,0.763732,27.342632,27.372978,26.576839,1.219633
﻿1987년 11월,0.848749,0.866352,27.605042,27.543711,26.75629,1.177667
﻿1987년 10월,0.984513,1.060993,27.683462,27.777828,26.69895,1.01164
﻿1987년 09월,1.349717,1.190651,28.044985,27.933832,26.695267,0.834961
﻿1987년 08월,1.237723,1.224018,28.073051,28.148756,26.835327,0.818931
﻿1987년 07월,1.084614,1.029134,28.328232,28.277071,27.243618,0.677102
﻿1987년 06월,0.765065,0.72952,28.42993,28.312817,27.664865,0.627709
﻿1987년 05월,0.338882,0.523962,28.180288,28.283131,27.841408,0.614643
﻿1987년 04월,0.467939,0.576657,28.239176,28.174303,27.771236,0.657626
﻿1987년 03월,0.92315,0.747801,28.103443,27.954256,27.180296,0.817327
﻿1987년 02월,0.852316,0.921276,27.520147,27.702187,26.667831,1.007264
﻿1987년 01월,0.988363,0.89943,27.482971,27.479191,26.494608,1.164648
﻿1986년 12월,0.857613,0.80128,27.434452,27.410526,26.576839,1.219633
﻿1986년 11월,0.557866,0.653262,27.314157,27.330622,26.75629,1.177667
﻿1986년 10월,0.544307,0.511128,27.243256,27.227964,26.69895,1.01164
﻿1986년 09월,0.431212,0.398948,27.126478,27.14213,26.695267,0.834961
﻿1986년 08월,0.221324,0.208344,27.056652,27.133081,26.835327,0.818931
﻿1986년 07월,-0.027505,-0.046708,27.216112,27.201229,27.243618,0.677102
﻿1986년 06월,-0.333944,-0.31423,27.330921,27.269066,27.664865,0.627709
﻿1986년 05월,-0.581242,-0.483146,27.260166,27.276024,27.841408,0.614643
﻿1986년 04월,-0.534251,-0.575721,27.236986,27.021925,27.771236,0.657626
﻿1986년 03월,-0.61167,-0.651965,26.568624,26.554489,27.180296,0.817327
﻿1986년 02월,-0.809973,-0.716325,25.857859,26.064587,26.667831,1.007264
﻿1986년 01월,-0.727331,-0.708658,25.767277,25.871101,26.494608,1.164648
﻿1985년 12월,-0.58867,-0.63217,25.988169,25.977076,26.576839,1.219633
﻿1985년 11월,-0.580508,-0.639783,26.175783,26.037577,26.75629,1.177667
﻿1985년 10월,-0.750171,-0.708026,25.948778,26.00881,26.69895,1.01164
﻿1985년 09월,-0.793399,-0.726078,25.901869,26.017103,26.695267,0.834961
﻿1985년 08월,-0.634664,-0.743991,26.200665,26.180746,26.835327,0.818931
﻿1985년 07월,-0.803909,-0.84809,26.439709,26.399845,27.243618,0.677102
﻿1985년 06월,-1.105699,-1.006268,26.559166,26.577028,27.664865,0.627709
﻿1985년 05월,-1.109197,-1.11893,26.73221,26.64024,27.841408,0.614643
﻿1985년 04월,-1.141895,-1.053069,26.629341,26.544579,27.771236,0.657626
﻿1985년 03월,-0.908114,-0.996926,26.272181,26.209528,27.180296,0.817327
﻿1985년 02월,-0.940769,-1.060456,25.727062,25.720455,26.667831,1.007264
﻿1985년 01월,-1.332486,-1.26982,25.162123,25.30994,26.494608,1.164648
﻿1984년 12월,-1.536204,-1.413795,25.040636,25.195452,26.576839,1.219633
﻿1984년 11월,-1.372697,-1.22787,25.383595,25.44949,26.75629,1.177667
﻿1984년 10월,-0.77471,-0.856427,25.924238,25.860409,26.69895,1.01164
﻿1984년 09월,-0.421875,-0.58062,26.273392,26.162561,26.695267,0.834961
﻿1984년 08월,-0.545274,-0.558384,26.290054,26.366354,26.835327,0.818931
﻿1984년 07월,-0.708003,-0.779492,26.535616,26.468445,27.243618,0.677102
﻿1984년 06월,-1.085199,-0.83652,26.579666,26.746777,27.664865,0.627709
﻿1984년 05월,-0.716357,-0.781637,27.125051,26.977531,27.841408,0.614643
﻿1984년 04월,-0.543356,-0.600622,27.22788,26.997025,27.771236,0.657626
﻿1984년 03월,-0.542153,-0.414138,26.638142,26.792316,27.180296,0.817327
﻿1984년 02월,-0.156905,-0.568359,26.510925,26.212551,26.667831,1.007264
﻿1984년 01월,-1.00602,-0.796868,25.488588,25.78289,26.494608,1.164648
﻿1983년 12월,-1.22768,-1.203768,25.349159,25.405479,26.576839,1.219633
﻿1983년 11월,-1.377603,-1.229252,25.378689,25.448109,26.75629,1.177667
﻿1983년 10월,-1.082472,-0.962588,25.616476,25.754248,26.69895,1.01164
﻿1983년 09월,-0.427689,-0.666702,26.267578,26.076481,26.695267,0.834961
﻿1983년 08월,-0.489944,-0.434771,26.345385,26.489965,26.835327,0.818931
﻿1983년 07월,-0.386681,-0.139156,26.856937,27.108782,27.243618,0.677102
﻿1983년 06월,0.459156,0.26126,28.124022,27.844557,27.664865,0.627709
﻿1983년 05월,0.711307,0.635261,28.552713,28.39443,27.841408,0.614643
﻿1983년 04월,0.73532,0.914678,28.506557,28.512323,27.771236,0.657626
﻿1983년 03월,1.297407,1.307962,28.477701,28.514416,27.180296,0.817327
﻿1983년 02월,1.891158,1.804194,28.558989,28.585106,26.667831,1.007264
﻿1983년 01월,2.224018,2.137283,28.718626,28.717043,26.494608,1.164648
﻿1982년 12월,2.296673,2.095003,28.873512,28.704248,26.576839,1.219633
﻿1982년 11월,1.764318,1.9594,28.520609,28.636761,26.75629,1.177667
﻿1982년 10월,1.817209,1.624779,28.516157,28.341616,26.69895,1.01164
﻿1982년 09월,1.292811,1.33568,27.988077,28.078861,26.695267,0.834961
﻿1982년 08월,0.897021,0.820998,27.732349,27.745735,26.835327,0.818931
﻿1982년 07월,0.273161,0.607854,27.516779,27.855791,27.243618,0.677102
﻿1982년 06월,0.653379,0.470003,28.318243,28.053301,27.664865,0.627709
﻿1982년 05월,0.483469,0.382832,28.324877,28.142002,27.841408,0.614643
﻿1982년 04월,0.011649,0.116397,27.782887,27.714043,27.771236,0.657626
﻿1982년 03월,-0.145928,-0.115649,27.034367,27.090805,27.180296,0.817327
﻿1982년 02월,-0.212666,-0.089889,26.455164,26.691023,26.667831,1.007264
﻿1982년 01월,0.088928,,26.583536,,26.494608,1.164648
